path,language,bytes
Practice/Abstract/Bev.java,java,1316
Practice/Abstract/Car.java,java,253
Practice/Abstract/CarFactory.java,java,1369
Practice/Abstract/Ice.java,java,1289
Practice/AccountManager/Account.java,java,1330
Practice/AccountManager/AccountManager.java,java,1630
Practice/Exception/Market.java,java,1990
Practice/Exception/NegativeException.java,java,213
Practice/Exception/TooMuchExpenseException.java,java,362
Practice/Exception/Wallet.java,java,730
Practice/Inheritance/lab07/src/Koreanic.java,java,454
Practice/Inheritance/lab07/src/Language.java,java,1410
Practice/Inheritance/lab07/src/Mayan.java,java,792
Practice/Interfaces/Animal.java,java,175
Practice/Interfaces/Barkable.java,java,58
Practice/Interfaces/Counter.java,java,330
Practice/Interfaces/Dog.java,java,166
Practice/Interfaces/Person.java,java,100
Practice/Interfaces/Program.java,java,1611
Practice/Interfaces/test.java,java,694
Practice/Interfaces/Tiger.java,java,171
Practice/Interfaces/Turtle.java,java,96
Practice/Singleton/Buffer.java,java,1257
Practice/Singleton/ProdCons.java,java,2211
Practice/Singleton/ProdConsTest.java,java,170
Practice/Sort/Sort.java,java,926
Project/PizzaStore/CSVHandler.java,java,3373
Project/PizzaStore/IFileHandler.java,java,166
Project/PizzaStore/InStoreOrder.java,java,681
Project/PizzaStore/Observable.java,java,130
Project/PizzaStore/Observer.java,java,105
Project/PizzaStore/OnlineOrder.java,java,745
Project/PizzaStore/Order.java,java,3393
Project/PizzaStore/Pizza.java,java,2057
Project/PizzaStore/PizzaOven.java,java,1905
Project/PizzaStore/PizzaStore.java,java,19098
Project/PizzaStore/TXTHandler.java,java,2902
